{
  "params": {
    "Wq": [
      [
        -0.005293981172144413,
        -0.5819807648658752
      ],
      [
        0.37932288646698,
        -0.5203874707221985
      ]
    ],
    "Wk": [
      [
        -0.27234524488449097,
        -0.014010033570230007
      ],
      [
        0.1896158903837204,
        0.5606575012207031
      ]
    ],
    "Wv": [
      [
        -0.06275151669979095,
        -0.2136969119310379
      ],
      [
        0.1871093362569809,
        -0.13899271190166473
      ]
    ],
    "Wo": [
      [
        -0.6755334138870239,
        -0.2914857566356659
      ],
      [
        -0.4683041572570801,
        0.026193760335445404
      ]
    ],
    "W1": [
      [
        0.2795442044734955,
        -0.47937673330307007
      ],
      [
        0.42428016662597656,
        -0.3079187273979187
      ]
    ],
    "b1": [
      0.2568332850933075,
      0.5871729254722595
    ],
    "W2": [
      [
        -0.14552269876003265,
        -0.11397384107112885
      ],
      [
        0.5291363000869751,
        0.07482186704874039
      ]
    ],
    "b2": [
      0.6402683854103088,
      -0.6559619903564453
    ],
    "norm1_gamma": [
      1.0,
      1.0
    ],
    "norm1_beta": [
      0.0,
      0.0
    ],
    "norm2_gamma": [
      1.0,
      1.0
    ],
    "norm2_beta": [
      0.0,
      0.0
    ]
  },
  "meta": {
    "format": "Gondlin.TransformerEncoder",
    "dtype": "float32"
  }
}