{
  "format": "digits_linear_weights_v0_1",
  "in_dim": 64,
  "out_dim": 10,
  "normalize_div": 16.0,
  "layers.0.weight": [
    [
      -0.0009358525276184082,
      -0.04142650589346886,
      -0.6792255640029907,
      0.8443235754966736,
      -0.09368747472763062,
      -2.2123613357543945,
      -2.6426146030426025,
      -1.5006884336471558,
      -1.05272376537323,
      -0.7856010794639587,
      -0.3789594769477844,
      0.8232671618461609,
      0.8714191317558289,
      0.7999922037124634,
      -1.2775084972381592,
      -1.6407771110534668,
      -0.25445741415023804,
      0.7903846502304077,
      0.7946860194206238,
      0.1451627016067505,
      -3.1762030124664307,
      1.590699553489685,
      1.4009877443313599,
      -1.0927530527114868,
      -0.02014791965484619,
      1.231492280960083,
      1.0615822076797485,
      -1.836486577987671,
      -3.3359317779541016,
      0.15757593512535095,
      1.2557998895645142,
      -0.599062979221344,
      -0.08102245628833771,
      1.4773637056350708,
      1.03593111038208,
      -2.0985937118530273,
      -2.7229435443878174,
      0.06809714436531067,
      0.8040307760238647,
      0.060584068298339844,
      -0.686896562576294,
      -0.24490904808044434,
      1.8724377155303955,
      -1.616552472114563,
      -1.5662330389022827,
      0.5707541108131409,
      0.4702693819999695,
      -0.7142326831817627,
      -0.7447254061698914,
      -3.0786473751068115,
      0.908762514591217,
      0.3572692573070526,
      1.281851053237915,
      0.2921455204486847,
      -0.9362850785255432,
      -1.871238112449646,
      -0.33577272295951843,
      -0.7113934755325317,
      -0.9326649308204651,
      1.2234852313995361,
      -0.4764896035194397,
      -0.9221765398979187,
      -1.0545363426208496,
      -1.7683762311935425
    ],
    [
      0.06862150132656097,
      -1.7311530113220215,
      -0.8506059050559998,
      -0.5786975026130676,
      -3.2126176357269287,
      1.918413758277893,
      -0.2593689560890198,
      -3.3509397506713867,
      -2.1546380519866943,
      -4.106976509094238,
      -2.887924909591675,
      -1.0486875772476196,
      1.1568635702133179,
      0.008201932534575462,
      -2.7857718467712402,
      -2.7833476066589355,
      -1.281055212020874,
      1.737025499343872,
      -0.30449753999710083,
      2.912400245666504,
      2.6475017070770264,
      -0.86788409948349,
      0.2292906641960144,
      -1.6670933961868286,
      0.04806952178478241,
      -1.092941403388977,
      0.7724090814590454,
      0.7219222187995911,
      1.6815980672836304,
      0.9109926223754883,
      -0.8494024276733398,
      -0.6323280930519104,
      0.06241437792778015,
      -0.29459628462791443,
      1.0445303916931152,
      -0.30527809262275696,
      0.782063901424408,
      0.6102238893508911,
      -1.2365511655807495,
      -0.03146059811115265,
      -0.5071156620979309,
      -2.812551736831665,
      -0.7306197285652161,
      1.6266212463378906,
      0.5838395953178406,
      -1.5064289569854736,
      -2.87835955619812,
      -4.559179782867432,
      -1.653838872909546,
      -0.929040789604187,
      -0.47849801182746887,
      0.969894528388977,
      1.1793584823608398,
      0.08167161047458649,
      -0.582000732421875,
      3.3315818309783936,
      -1.517566204071045,
      -1.6573539972305298,
      -1.3593692779541016,
      -0.6563720107078552,
      0.11059851944446564,
      0.7136214971542358,
      1.3908159732818604,
      2.0444114208221436
    ],
    [
      -0.04372917115688324,
      0.563633382320404,
      0.29195839166641235,
      0.8547314405441284,
      0.7092239260673523,
      -0.7198145389556885,
      -1.977225661277771,
      -0.7736564874649048,
      -2.70029616355896,
      2.623779535293579,
      0.8928167819976807,
      -0.1143006980419159,
      1.9368886947631836,
      -0.48487329483032227,
      -0.9802601337432861,
      -0.9579047560691833,
      -1.2309701442718506,
      -0.39193469285964966,
      -0.9021483063697815,
      -2.822624444961548,
      0.8683561086654663,
      -0.5781397819519043,
      1.1580488681793213,
      -0.40744486451148987,
      -0.025354593992233276,
      -4.228325366973877,
      -3.4377880096435547,
      -3.851151943206787,
      -1.0602697134017944,
      0.16492795944213867,
      -0.6589255928993225,
      -0.2531554400920868,
      -0.024076908826828003,
      -1.9396064281463623,
      -3.1936304569244385,
      -1.6593356132507324,
      0.38409364223480225,
      -2.533360719680786,
      -3.5200767517089844,
      0.047087401151657104,
      -0.3495599329471588,
      1.0524555444717407,
      0.4212433397769928,
      2.977276563644409,
      -2.8046481609344482,
      -2.981109142303467,
      -1.845947504043579,
      1.9975247383117676,
      1.1051007509231567,
      0.9092882871627808,
      0.6204437017440796,
      3.0532329082489014,
      2.1228742599487305,
      2.356907367706299,
      1.4611891508102417,
      0.39241912961006165,
      1.2172454595565796,
      1.0260576009750366,
      0.8312625288963318,
      0.5429505705833435,
      0.3365708887577057,
      2.1473567485809326,
      1.7791376113891602,
      1.411825180053711
    ],
    [
      -0.08817228674888611,
      2.833860397338867,
      -0.4681432247161865,
      0.7816314101219177,
      2.3312010765075684,
      0.7703421115875244,
      -0.03403053432703018,
      -0.4728643596172333,
      -3.2242119312286377,
      1.1136518716812134,
      0.7582171559333801,
      0.025609973818063736,
      0.9810651540756226,
      0.9763584136962891,
      2.6837291717529297,
      0.901913583278656,
      -3.9647021293640137,
      -0.2464524507522583,
      -3.3732988834381104,
      -3.7427637577056885,
      0.7664814591407776,
      -1.3290185928344727,
      -1.4387519359588623,
      -0.5963575839996338,
      -0.09777563810348511,
      -0.9129549264907837,
      -2.950924873352051,
      -1.0231190919876099,
      1.6042760610580444,
      -3.661733865737915,
      -4.164200305938721,
      -0.19332219660282135,
      -0.10832624137401581,
      -2.2231876850128174,
      -1.7396842241287231,
      -0.33093535900115967,
      1.4748802185058594,
      0.09083548188209534,
      0.4218595623970032,
      0.10310094058513641,
      -0.1786055713891983,
      -1.1564812660217285,
      -2.2384660243988037,
      -3.260267734527588,
      0.46252354979515076,
      1.8464844226837158,
      2.0714914798736572,
      -3.058443784713745,
      -0.34028246998786926,
      -0.4744001626968384,
      -0.20191122591495514,
      -1.0623505115509033,
      0.822848379611969,
      1.4030165672302246,
      2.4406509399414062,
      -2.9054388999938965,
      -0.4766036570072174,
      1.1301695108413696,
      1.3081690073013306,
      0.7731711864471436,
      0.4517613351345062,
      0.4243694543838501,
      -0.19235725700855255,
      -2.5755455493927
    ],
    [
      -0.12389354407787323,
      -2.5073909759521484,
      -1.236018419265747,
      -2.1200881004333496,
      -1.6096240282058716,
      -2.365572690963745,
      -3.5058276653289795,
      1.7719321250915527,
      -0.7633348703384399,
      -0.16169364750385284,
      -0.9732244610786438,
      -0.9677948355674744,
      -2.84722638130188,
      -1.6781220436096191,
      -2.258692502975464,
      0.1852111667394638,
      -0.3662793040275574,
      -1.1768722534179688,
      1.2733879089355469,
      1.2972412109375,
      0.5167443752288818,
      0.5103806853294373,
      1.5107890367507935,
      1.698588490486145,
      0.003982290625572205,
      1.162046194076538,
      1.9534411430358887,
      -0.14997543394565582,
      0.21889951825141907,
      0.4127238988876343,
      3.794027328491211,
      2.4136645793914795,
      -0.028584524989128113,
      1.4832937717437744,
      1.0628770589828491,
      -1.1120085716247559,
      2.223158121109009,
      1.3804117441177368,
