{
  "graph": "attention_softmax_workflow_v1",
  "input_box": {
    "id": 0,
    "dim": 4,
    "lo": [
      0.5,
      1.5,
      2.5,
      3.5
    ],
    "hi": [
      1.5,
      2.5,
      3.5,
      4.5
    ]
  },
  "result": {
    "node_id": 3,
    "dim": 3,
    "lo": [
      1.2366845745313238e-08,
      1.4427986703573979e-08,
      1.648912766183472e-08
    ],
    "hi": [
      15.052599218575839,
      18.070244151171085,
      21.08788908376633
    ]
  }
}
