{
  "graph": "gru_gate_workflow_v1",
  "input_box": {
    "id": 0,
    "dim": 3,
    "lo": [
      0.5,
      1.5,
      2.5
    ],
    "hi": [
      1.5,
      2.5,
      3.5
    ]
  },
  "result": {
    "node_id": 5,
    "dim": 3,
    "lo": [
      0.9999832980202678,
      0.9999999317439616,
      0.9999999997210531
    ],
    "hi": [
      0.999999958600621,
      0.9999999999915765,
      0.9999999999999982
    ]
  }
}
